{
    "avg_precision": {
        "train": 0.9920634920634921,
        "test": 1.0
    },
    "roc_auc": {
        "train": 0.9998957844772168,
        "test": 1.0
    }
}
